system;region;route;banner;abbrev;city;fileroot;AltRouteNames
espga;ESP-GA;AC-250;;;;espga.ac250;AC250
espga;ESP-GA;AC-523;;;;espga.ac523;AC523
espga;ESP-GA;AC-524;;;;espga.ac524;AC524
espga;ESP-GA;AC-526;;;;espga.ac526;AC526
espga;ESP-GA;AC-527;;;;espga.ac527;AC527
espga;ESP-GA;AC-537;;;;espga.ac537;AC537
espga;ESP-GA;AC-542;;;;espga.ac542;AC542
espga;ESP-GA;AC-543;;;;espga.ac543;AC543
espga;ESP-GA;AC-544;;;;espga.ac544;AC544
espga;ESP-GA;AC-546;;;;espga.ac546;AC546
espga;ESP-GA;AC-549;;;;espga.ac549;AC549
espga;ESP-GA;AC-550;;;;espga.ac550;AC550
espga;ESP-GA;AC-551;;;;espga.ac551;AC551
espga;ESP-GA;AC-552;;;;espga.ac552;AC552
espga;ESP-GA;AC-553;;;;espga.ac553;AC553
espga;ESP-GA;AC-554;;;;espga.ac554;AC554
espga;ESP-GA;AC-563;;;;espga.ac563;AC563
espga;ESP-GA;AC-564;;;;espga.ac564;AC564
espga;ESP-GA;AC-566;;;;espga.ac566;AC566
espga;ESP-GA;AC-840;;;;espga.ac840;AC840
espga;ESP-GA;AC-841;;;;espga.ac841;AC841
espga;ESP-GA;AC-861;;;;espga.ac861;AC861
espga;ESP-GA;AC-862;;;;espga.ac862;AC862
espga;ESP-GA;LU-530;;;;espga.lu530;LU530
espga;ESP-GA;LU-533;;;;espga.lu533;LU533
espga;ESP-GA;LU-536;;;;espga.lu536;LU536
espga;ESP-GA;LU-539;;;;espga.lu539;LU539
espga;ESP-GA;LU-540;;;;espga.lu540;LU540
espga;ESP-GA;LU-541;;;;espga.lu541;LU541
espga;ESP-GA;LU-545;;;;espga.lu545;LU545
espga;ESP-GA;LU-546;;;;espga.lu546;LU546
espga;ESP-GA;LU-861;;;;espga.lu861;LU861
espga;ESP-GA;LU-862;;;;espga.lu862;LU862
espga;ESP-GA;OU-504;;;;espga.ou504;OU504
espga;ESP-GA;OU-510;;;;espga.ou510;OU510
espga;ESP-GA;OU-525;;;;espga.ou525;OU525
espga;ESP-GA;OU-531;;;;espga.ou531;OU531
espga;ESP-GA;OU-533;;;;espga.ou533;OU533
espga;ESP-GA;OU-536;;;;espga.ou536;OU536
espga;ESP-GA;OU-537;;;;espga.ou537;OU537
espga;ESP-GA;OU-538;;;;espga.ou538;OU538
espga;ESP-GA;OU-540;;;;espga.ou540;OU540
espga;ESP-GA;OU-801;;Pre;Prexigueiro;espga.ou801pre;OU801Pre
espga;ESP-GA;OU-801;;;Cortegada;espga.ou801;OU801
espga;ESP-GA;PO-504;;;;espga.po504;PO504
espga;ESP-GA;PO-505;;;;espga.po505;PO505
espga;ESP-GA;PO-510;;;;espga.po510;PO510
espga;ESP-GA;PO-511;;;;espga.po511;PO511
espga;ESP-GA;PO-528;;;;espga.po528;PO528
espga;ESP-GA;PO-529;;;;espga.po529;PO529
espga;ESP-GA;PO-530;;;;espga.po530;PO530
espga;ESP-GA;PO-531;;;;espga.po531;PO531
espga;ESP-GA;PO-532;;;;espga.po532;PO532
espga;ESP-GA;PO-533;;;;espga.po533;PO533
espga;ESP-GA;PO-534;;;;espga.po534;PO534
espga;ESP-GA;PO-535;;;;espga.po535;PO535
espga;ESP-GA;PO-536;;;;espga.po536;PO536
espga;ESP-GA;PO-542;;;;espga.po542;PO542
espga;ESP-GA;PO-546;;;;espga.po546;PO546
espga;ESP-GA;PO-548;;;;espga.po548;PO548
espga;ESP-GA;PO-549;;;;espga.po549;PO549
espga;ESP-GA;PO-550;;;;espga.po550;PO550
espga;ESP-GA;PO-551;;;;espga.po551;PO551
espga;ESP-GA;PO-552;;;;espga.po552;PO552
espga;ESP-GA;PO-553;;;;espga.po553;PO553
espga;ESP-GA;PO-554;;;;espga.po554;PO554
espga;ESP-GA;PO-801;;;;espga.po801;PO801
espga;ESP-GA;PO-840;;;;espga.po840;PO840
espga;ESP-GA;PO-841;;;;espga.po841;PO841
