System;Route;Banner;Name;Roots
espn;N-I;;Venturada;espmd.n001
espn;N-I;;Buitrago del Lozoya;espmd.n001bui
espn;N-I;;Robregordo;espmd.n001rob
espn;N-I;;Boceguillas;espcl.n001boc
espn;N-I;;Aranda de Duero;espcl.n001ara
espn;N-I;;Gumiel de Izán;espcl.n001gum
espn;N-I;;Oquillas;espcl.n001oqu
espn;N-I;;Granja Guimara;espcl.n001gra
espn;N-I;;Quintanilla de la Mata;espcl.n001qui
espn;N-I;;Lerma;espcl.n001ler
espn;N-I;;Briviesca;espcl.n001
espn;N-I;;La Puebla de Arganzón;espcl.n001pue
espn;N-I;;Beasain;esppv.n001
espn;N-I;;Idiazabal;esppv.n001idi
espn;N-Ia;;Santo Tomé del Puerto;espcl.n001astp
espn;N-Ia;;Cerezo de Abajo;espcl.n001a
espn;N-Ia;;Castillejo de Mesleón;espcl.n001acas
espn;N-1a;;Aranda de Duero;espcl.n001aara
espn;N-II;;Torremocha del Campo;espcm.n002
espn;N-II;;Saúca;espcm.n002sau
espn;N-II;;Esteras de Medinaceli;espcl.n002est
espn;N-II;;Arcos de Jalón;espcl.n002
espn;N-II;;Santa María de Huerta;espcl.n002mar
espn;N-II;;Zaragoza;espar.n002zar
espn;N-II;;Fraga;espar.n002,espct.n002
espn;N-II;;Cervera;espct.n002cer
espn;N-II;;Mataró;espct.n002mat
espn;N-II;;Figueres;espct.n002fig
espn;N-IIa;;Torija;espcm.n002a
espn;N-IIa;;Ariza;espar.n002aari
espn;N-IIa;;Calatayud;espar.n002a
espn;N-IIa;;La Almunia de Doña Godina;espar.n002aalm
espn;N-IIa;;La Muela;espar.n002amue
espn;N-2a;;Candasnos;espar.n002acan
espn;N-IIa;;Igualada;espct.n002a
espn;N-IIa;;Esparreguera;espct.n002aesp
espn;N-IIa;;Girona;espct.n002agir
espn;N-IIa;;Figueres;espct.n002afig
espn;N-IIa;;San Andrés de la Barca;espct.n002aand
espn;N-2R;;Bubierca;espar.n002rbub
espn;N-2R;;Ateca;espar.n002rate
espn;N-2R;;Terrer;espar.n002rter
espn;N-III;;Arganda del Rey;espmd.n003
espn;N-III;;Tarancón;espcm.n003tar
espn;N-III;;Montalbo;espcm.n003mon
espn;N-III;;Villares del Saz;espcm.n003vil
espn;N-III;;Minglanilla;espcm.n003,espvc.n003
espn;N-III;;Buñol;espvc.n003bun
espn;N-III;;Chiva;espvc.n003chi
espn;N-IV;;Dosbarrios;espcm.n004dos
espn;N-IV;;La Guardia;espcm.n004gua
espn;N-IV;;Villarta de San Juan;espcm.n004vil
espn;N-IV;;Almuradiel;espcm.n004alm
espn;N-IV;;Bailén;espan.n004bai
espn;N-IV;;Córdoba;espan.n004cor
espn;N-IV;;Dos Hermanas;espan.n004her
espn;N-IV;;Las Cabezas de San Juan;espan.n004
espn;N-IV;;Jerez de la Frontera;espan.n004jer
espn;N-IV;;El Puerto de Santa María;espan.n004pue
espn;N-IVa;;Santa Elena;espcm.n004a,espan.n004aele
espn;N-IVa;;El Carpio;espan.n004acar
espn;N-IVa;;La Carlota;espan.n004a
espn;N-IVa;;Écija;espan.n004aeci
espn;N-4a;;Carmona;espan.n004acrm
espn;N-V;;Navalmoral de la Mata;espex.n005nav
espn;N-V;;Almaraz;espex.n005
espn;N-V;;Trujillo;espex.n005tru
espn;N-V;;Miajadas;espex.n005mia
espn;N-V;;Mérida;espex.n005mer
espn;N-V;;Talavera la Real;espex.n005tal
espn;N-V;;Badajoz;espex.n005bad
espn;N-Va;;Valmojado;espcm.n005a
espn;N-Va;;Quismondo;espcm.n005aqui
espn;N-Va;;Santa Olalla;espcm.n005asan
espn;N-Va;;Talavera de la Reina;espcm.n005atal
espn;N-Va;;Lagartera;espcm.n005alag
espn;N-VI;;El Espinar;espmd.n006,espcl.n006esp
espn;N-VI;;Rueda;espcl.n006rue
espn;N-VI;;Tordesillas;espcl.n006tor
espn;N-VI;;Mota del Marqués;espcl.n006mot
espn;N-VI;;Villardefrades;espcl.n006vil
espn;N-VI;;Lugo;espcl.n006,espga.n006
espn;N-VIa;;Betanzos;espga.n006a
espn;N-102;;;esppv.n102
espn;N-104;;;esppv.n104
espn;N-110;;Avila;espex.n110,espcl.n110
espn;N-110;;Riaza;espcl.n110ria
espn;N-110a;;Sigueruelo;espcl.n110asig
espn;N-110a;;Cerezo de Arriba;espcl.n110acer
espn;N-110a;;Ayllón;espcl.n110a
espn;N-111;;Viana;espnc.n111
espn;N-111;;Logroño;espri.n111log
espn;N-111;;(Main);espri.n111,espcl.n111
espn;N-111a;;Logroño;espri.n111alog
espn;N-111a;;Piqueras;espri.n111a,espcl.n111a
espn;N-111a;;Garray;espcl.n111agar
espn;N-113;;;espnc.n113cas,espri.n113val,espnc.n113,espar.n113ula,espri.n113,espar.n113,espri.n113tor,espcl.n113
espn;N-120;;Ourense;espga.n120,espcl.n120tor
espn;N-120;;Burgos;espcl.n120,espri.n120
espn;N-120a;;Casdemiro;espga.n120acas
espn;N-120a;;Monforte de Lemos;espga.n120a
espn;N-120a;;Astorga;espcl.n120a
espn;N-120a;;Santo Domingo de la Calzada;espri.n120a
espn;N-121;;;espnc.n121
espn;N-121a;;;esppv.n121a,espnc.n121a
espn;N-121b;;;espnc.n121b
espn;N-121c;;;espnc.n121c,espar.n121c
espn;N-122;;Zamora;espcl.n122zam
espn;N-122;;Valladolid;espcl.n122val
espn;N-122;;Soria;espcl.n122,espar.n122
espn;N-122a;;San Martín del Pedroso;espcl.n122amar
espn;N-122a;;Muelas del Pan;espcl.n122amue
espn;N-122a;;La Cistérniga;espcl.n122a
espn;N-122a;;Zuzones;espcl.n122azuz
espn;N-122a;;Magallón;espar.n122a
espn;N-123;;;espar.n123
espn;N-123a;;;espar.n123a
espn;N-124;;;esppv.n124,espri.n124
espn;N-125;;;espar.n125
espn;N-126;;;espri.n126
espn;N-135;;;espnc.n135
espn;N-141;;;espct.n141
espn;N-145;;;espct.n145
espn;N-150;;;espct.n150
espn;N-152;;;espct.n152
espn;N-152a;;;espct.n152a
espn;N-152z;;La Llagosta;espct.n152zlla
espn;N-152z;;Granollers;espct.n152zgra
espn;N-152z;;el Figaró;espct.n152zfig
espn;N-152z;;Aiguafreda;espct.n152zaig
espn;N-152z;;Tona;espct.n152zton
espn;N-154;;Llivia;espct.n154lli
espn;N-154;;Puigcerda;espct.n154
espn;N-155;;;espct.n155
espn;N-156;;;espct.n156
espn;N-204;;;espcm.n204
espn;N-211;;;espcm.n211,espar.n211
espn;N-211a;;Puerto de Bañon;espar.n211aban
espn;N-211a;;Fuenferrada;espar.n211afue
espn;N-211a;;Puerto de las Traviesas;espar.n211atra
espn;N-211a;;Alcorisa;espar.n211a
espn;N-211a;;Alcañiz;espar.n211aalc
espn;N-211a;;Caspe;espar.n211acas
espn;N-220;;;espvc.n220
espn;N-225;;La Vall d'Uixó;espvc.n225
espn;N-225;;Castellón de la Plana;espvc.n225cas
espn;N-225a;;;espvc.n225a
espn;N-230;;;espct.n230vie,espar.n230sen,espct.n230pon,espar.n230bui,espct.n230tos,espar.n230,espct.n230
espn;N-232;;Pancorbo;espcl.n232,espri.n232
espn;N-232;;Calahorra;espri.n232cal,espnc.n232
espn;N-232;;Gallur;espar.n232gal
espn;N-232;;Zaragoza;espar.n232zar
espn;N-232;;Alcañiz;espar.n232,espvc.n232
espn;N-232a;;Casalarreina;espri.n232a
espn;N-232a;;Las Norias;espri.n232anor
espn;N-232a;;Logroño;espri.n232alog
espn;N-232a;;Ausejo;espri.n232aaus
espn;N-232a;;El Burgo de Ebro;espar.n232abur
espn;N-232a;;Fuentes de Ebro;espar.n232a
espn;N-232a;;Alcañiz;espar.n232aalc
espn;N-232a;;Monroyo;espar.n232amon
espn;N-232a;;La Pobla d’Alcolea;espar.n232apob,espvc.n232apob
espn;N-232a;;Torre Miró;espvc.n232ator
espn;N-232a;;Puerto de Querol;espvc.n232apue
espn;N-234;;Teruel;espcl.n234,espar.n234,espvc.n234bar
espn;N-234;;Viver;espvc.n234viv
espn;N-234;;Montes de Palancia;espvc.n234mon
espn;N-234;;Albalat dels Tarongers;espvc.n234alb
espn;N-234;;Muntanya de Caruana;espvc.n234mun
espn;N-234a;;;espcl.n234a
espn;N-235;;;espct.n235
espn;N-238;;;espvc.n238
espn;N-240;;Vitoria-Gasteiz;esppv.n240
espn;N-240;;Jaca;espar.n240jac
espn;N-240;;Lleida;espar.n240,espct.n240
espn;N-240a;;Pamplona;espnc.n240a
espn;N-240a;;Huesca;espar.n240a
espn;N-240a;;Almacelles;espct.n240aalm
espn;N-240a;;Vinaixa;espct.n240avin
espn;N-240a;;Valls;espct.n240a
espn;N-260;;Puigcerda;espar.n260,espct.n260
espn;N-260;;Llançà;espct.n260lla
espn;N-260a;;Biescas;espar.n260a
espn;N-260a;;Olot;espct.n260a
espn;N-260a;;Queixàs;espct.n260aque
espn;N-260a;;Vilademires;espct.n260avil
espn;N-260a;;Coll del Frare;espct.n260acol
espn;N-260R;;;espct.n260r
espn;N-301;;Mota del Cuervo;espcm.n301mot
espn;N-301;;Albacete;espcm.n301,espmc.n301
espn;N-301;;Molina de Segura;espmc.n301mol
espn;N-301a;;Quintanar de la Orden;espcm.n301a
espn;N-301a;;El Palmar;espmc.n301apal
espn;N-301a;;Cartagena;espmc.n301a
espn;N-310;;;espcm.n310
espn;N-320;;;espmd.n320,espcm.n320cas,espmd.n320val,espcm.n320
espn;N-320a;;Quer;espcm.n320aque
espn;N-320a;;Guadalajara;espcm.n320agua
espn;N-320a;;Tendilla;espcm.n320aten
espn;N-320a;;Alhóndiga;espcm.n320a
espn;N-320a;;Quintanar del Rey;espcm.n320aqui
espn;N-322;;Linares;espan.n322lin
espn;N-322;;Albacete;espan.n322,espcm.n322,espvc.n322
espn;N-322a;;Linares;espan.n322alin
espn;N-322a;;Úbeda;espan.n322aube
espn;N-322a;;Villanueva del Arzobispo;espan.n322avil
espn;N-322a;;Albacete;espcm.n322aalb
espn;N-322a;;Casas-Ibáñez;espcm.n322a
espn;N-322a;;Villatoya;espcm.n322avil,espvc.n322a
espn;N-323;;;espan.n323
espn;N-323a;;Jaén;espan.n323a
espn;N-323a;;Campotéjar;espan.n323acam
espn;N-323a;;Parque del Cubillas;espan.n323acub
espn;N-323a;;El Padul;espan.n323apad
espn;N-325;;;espvc.n325
espn;N-330;;Jaca;espar.n330jac
espn;N-330;;Zaragoza;espar.n330
espn;N-330;;Utiel;espar.n330ter,espvc.n330tor,espcm.n330,espvc.n330,espcm.n330alm
espn;N-330;;Alicante;espvc.n330ali
espn;N-330a;;Canfranc;espar.n330acan
espn;N-330a;;Jaca;espar.n330ajac
espn;N-330a;;Sabiñánigo;espar.n330a
espn;N-330a;;Arguis;espar.n330aarg
espn;N-330a;;Ademuz;espvc.n330aade
espn;N-330a;;Utiel;espvc.n330auti
espn;N-330a;;La Portera;espvc.n330apor
espn;N-330a;;Cofrentes;espvc.n330acof
espn;N-330a;;Jalance;espvc.n330a
espn;N-330b;;;espar.n330b
espn;N-331;;Lucena;espan.n331
espn;N-331;;Antequera;espan.n331ant
espn;N-331a;;;espan.n331a
espn;N-331R;;;espan.n331r
espn;N-332;;Alicante;espvc.n332,espmc.n332
espn;N-332;;Oliva;espvc.n332oli
espn;N-332;;El Campello;espvc.n332cam
espn;N-332a;;Silla;espvc.n332asil
espn;N-332a;;Ondara;espvc.n332aond
espn;N-332a;;La Vila Joiosa;espvc.n332a
espn;N-332a;;l'Altet;espvc.n332aalt
espn;N-332a;;la Marina;espvc.n332amar
espn;N-332r;;;espvc.n332r
espn;N-337;;;espvc.n337
espn;N-337a;;;espvc.n337a
espn;N-338;;;espvc.n338
espn;N-339;;;espan.n339
espn;N-340;;Chiclana de la Frontera;espan.n340chi
espn;N-340;;Motril;espan.n340
espn;N-340;;El Pozuelo;espan.n340poz
espn;N-340;;Alcantarilla;espmc.n340alc
espn;N-340;;Elche;espmc.n340,espvc.n340elc
espn;N-340;;Alcoy;espvc.n340alc
espn;N-340;;Castellón de la Plana;espvc.n340,espct.n340
espn;N-340;;Torredembarra;espct.n340tor
espn;N-340a;;San Roque;espan.n340asan
espn;N-340a;;Rincón de la Victoria;espan.n340arin
espn;N-340a;;El Lance;espan.n340alan
espn;N-340a;;Adra;espan.n340aadr
espn;N-340a;;Almería;espan.n340a
espn;N-340a;;Vera;espan.n340aver
espn;N-340a;;Huércal-Overa;espan.n340ahue
espn;N-340a;;Góñar;espan.n340agon
espn;N-340a;;Lorca;espmc.n340a
espn;N-340a;;Alcantarilla;espmc.n340aalc
espn;N-340a;;Castellón de la Plana;espvc.n340a
espn;N-340a;;Vinaroz;espvc.n340avin
espn;N-340a;;San Carlos de la Rápita;espct.n340acar
espn;N-340a;;l'Aldea;espct.n340aald
espn;N-340a;;l’Ametlla del Mar;espct.n340aame
espn;N-340a;;Vilafranca del Pinedès;espct.n340a
espn;N-340b;;;espan.n340b
espn;N-341;;;espan.n341
espn;N-342a;;;espmc.n342a
espn;N-344;;Yecla;espvc.n344,espcm.n344,espmc.n344
espn;N-344;;Molina de Segura;espmc.n344mol
espn;N-344;;El Alquián;espan.n344
espn;N-344a;;Yecla;espmc.n344a
espn;N-344a;;El Alquián;espan.n344a
espn;N-345;;;espmc.n345
espn;N-346;;;espan.n346
espn;N-347;;Motril;espan.n347mot
espn;N-347;;El Alquián;espan.n347
espn;N-348;;;espan.n348
espn;N-349;;Jerez de la Frontera;espan.n349
espn;N-349;;El Alquián;espan.n349alq
espn;N-350;;;espan.n350
espn;N-351;;;espan.n351
espn;N-352;;;espce.n352
espn;N-354;;;espce.n354
espn;N-357;;;espan.n357
espn;N-362;;;espce.n362
espn;N-400;;;espcm.n400tol,espmd.n400,espcm.n400
espn;N-401;;;espcm.n401
espn;N-401a;;Sonseca;espcm.n401a
espn;N-401a;;Los Yébenes;espcm.n401ayeb
espn;N-401a;;Fernán Caballero;espcm.n401afer
espn;N-403;;;espcl.n403,espmd.n403,espcm.n403
espn;N-403a;;San Martín de Valdeiglesias;espmd.n403a
espn;N-403a;;Escalona;espcm.n403a
espn;N-403a;;Maqueda;espcm.n403amaq
espn;N-420;;Puertollano;espan.n420,espcm.n420pue
espn;N-420;;Teruel;espcm.n420,espvc.n420,espar.n420,espct.n420
espn;N-420a;;Argamasilla de Calatrava;espcm.n420aarg
espn;N-420a;;Daimiel;espcm.n420adai
espn;N-420a;;Olivares de Júcar;espcm.n420aoli
espn;N-420a;;Boniches;espcm.n420abon
espn;N-420a;;Teruel;espar.n420a
espn;N-420a;;Coll del Moro;espct.n420acol
espn;N-420a;;Mora de Ebro;espct.n420amor
espn;N-420a;;Falset;espct.n420afal
espn;N-420a;;Reus;espct.n420a
espn;N-430;;;espex.n430,espcm.n430
espn;N-430a;;Fuenlabrada de los Montes;espex.n430a
espn;N-430a;;Daimiel;espcm.n430adai
espn;N-430a;;Membrilla;espcm.n430amem
espn;N-430a;;La Solana;espcm.n430asol
espn;N-430a;;Ossa de Montiel;espcm.n430aoss
espn;N-430a;;Munera;espcm.n430a
espn;N-430a;;Almansa;espcm.n430aalm
espn;N-430a;;Chinchilla de Montearagón;espcm.n430achi
espn;N-430c;;;espcm.n430c
espn;N-431;;;espan.n431
espn;N-432;;;espex.n432,espan.n432
espn;N-432a;;La Albuera;espex.n432a
espn;N-432a;;Santa Marta;espex.n432asan
espn;N-432a;;Llerena;espex.n432alle
espn;N-432a;;Berlanga;espex.n432aber
espn;N-432a;;Granja de Torrehermosa;espex.n432agra
espn;N-432a;;Cuenca;espex.n432acue,espan.n432acue
espn;N-432a;;La Coronada;espan.n432acor
espn;N-432a;;Espiel;espan.n432aesp
espn;N-432a;;El Vacar;espan.n432avac
espn;N-432a;;Cerro Muriano;espan.n432a
espn;N-432a;;Baena;espan.n432abae
espn;N-432a;;Alcaudete;espan.n432aalu
espn;N-432a;;Alcalá la Real;espan.n432aall
espn;N-432a;;Pinos Puente;espan.n432apin
espn;N-432R;;;espan.n432r
espn;N-433;;;espan.n433
espn;N-435;;;espex.n435,espan.n435
espn;N-435a;;Capote;espex.n435a
espn;N-435a;;Trigueros;espan.n435a
espn;N-437;;;espan.n437
espn;N-442;;;espan.n442
espn;N-444;;;espan.n444
espn;N-445;;;espan.n445
espn;N-446;;;espan.n446
espn;N-501;;;espcl.n501
espn;N-501a;;;espcl.n501a
espn;N-502;;;espcl.n502,espcm.n502,espex.n502,espcm.n502her,espan.n502
espn;N-502;;Agudo;espcm.n502agu
espn;N-502a;;Talavera de la Reina;espcm.n502a
espn;N-502a;;Espiel;espan.n502a
espn;N-521;;;espex.n521
espn;N-523;;;espex.n523
espn;N-525;;Ourense;espga.n525our
espn;N-525;;Verin;espga.n525,espcl.n525
espn;N-525;;Lalín;espga.n525lal
espn;N-532;;;espga.n532
espn;N-536;;;espga.n536,espcl.n536pue,espga.n536que,espcl.n536
espn;N-540;;;espga.n540
espn;N-541;;;espga.n541
espn;N-547;;;espga.n547
espn;N-550;;La Coruña;espga.n550cor
espn;N-550;;Pontevedra;espga.n550
espn;N-550a;;Padrón;espga.n550apad
espn;N-550a;;Caldas de Reis;espga.n550a
espn;N-551;;;espga.n551
espn;N-552;;;espga.n552
espn;N-554;;;espga.n554
espn;N-555;;;espga.n555
espn;N-556;;;espga.n556
espn;N-559;;;espga.n559
espn;N-601;;;espcl.n601
espn;N-601a;;;espcl.n601a
espn;N-603;;;espcl.n603
espn;N-610;;;espcl.n610
espn;N-610a;;;espcl.n610a
espn;N-611;;Torrelavega;espcb.n611
espn;N-611;;Palencia;espcb.n611fom,espcl.n611
espn;N-611a;;;espcl.n611a
espn;N-620;;Salamanca;espcl.n620
espn;N-620;;Valladolid;espcl.n620val
espn;N-620;;Venta de Baños;espcl.n620ven
espn;N-620;;Villodrigo;espcl.n620vil
espn;N-620a;;Villanueva de las Carretas;espcl.n620avil
espn;N-620a;;Celada del Camino;espcl.n620acel
espn;N-620a;;Estépar;espcl.n620aest
espn;N-620a;;Buniel;espcl.n620a
espn;N-621;;León;espcl.n621leo
espn;N-621;;Riaño;espcb.n621unq,espas.n621,espcb.n621,espcl.n621
espn;N-621a;;;espcb.n621a
espn;N-622;;Lerma;espcl.n622
espn;N-622;;Vitoria-Gasteiz;esppv.n622
espn;N-622a;;;espcl.n622a
espn;N-623;;;espcb.n623,espcl.n623
espn;N-624;;;esppv.n624
espn;N-625;;;espas.n625,espcl.n625
espn;N-627;;;espcl.n627
espn;N-629;;;espcb.n629,esppv.n629,espcb.n629cal,espcl.n629
espn;N-629a;;Ampuero;espcb.n629a
espn;N-629a;;Gibaja;espcb.n629agib
espn;N-630;;Oviedo;espas.n630
espn;N-630;;Zamora;espas.n630cam,espcl.n630
espn;N-630;;Mérida;espcl.n630pue,espex.n630,espan.n630
espn;N-630;;Sevilla;espan.n630sev
espn;N-630a;;El Cubo de Tierra del Vino;espcl.n630acub
espn;N-630a;;Béjar;espcl.n630a
espn;N-631;;;espcl.n631
espn;N-632;;Muros de Nalón;espas.n632mur
espn;N-632;;Villaviciosa;espas.n632
espn;N-632a;;;espas.n632a
espn;N-633;;Avilés;espas.n633
espn;N-633;;Bilbao;esppv.n633
espn;N-634;;Santiago de Compostela;espga.n634san
espn;N-634;;Curtis;espga.n634cur
espn;N-634;;Oviedo;espga.n634,espas.n634
espn;N-634;;San Vicente de la Barquera;espas.n634fra,espcb.n634vic
espn;N-634;;Castro Urdiales;espcb.n634
espn;N-634;;Durango;esppv.n634
espn;N-634a;;Ponte Carreira;espga.n634apon
espn;N-634a;;Gontán;espga.n634agon
espn;N-634a;;Sasdónigas;espga.n634asas
espn;N-634a;;Mondoñedo;espga.n634a
espn;N-634a;;Lorenzana;espga.n634alou
espn;N-634a;;Salas;espas.n634a
espn;N-634a;;La Revuelta’l Coche;espas.n634arev
espn;N-634a;;Las Presillas;espcb.n634a
espn;N-634d;;;esppv.n634d
espn;N-634O;;;esppv.n634o
espn;N-635;;;espcb.n635
espn;N-636;;Santander;espcb.n636
espn;N-636;;Durango;esppv.n636
espn;N-637;;;esppv.n637
espn;N-638;;;esppv.n638
espn;N-639;;;esppv.n639
espn;N-640;;;espga.n640,espas.n640cha,espga.n640lei,espas.n640
espn;N-640;;Lalín;espga.n640lal
espn;N-640a;;;espga.n640a
espn;N-641;;;espas.n641
espn;N-642;;Burela;espga.n642
espn;N-642;;Ribadeo;espga.n642rib
espn;N-643;;;espas.n643
espn;N-644;;;esppv.n644
espn;N-651;;;espga.n651
espn;N-655;;;espga.n655
espn;N-NADOR;;;espml.nnador
espn;A-4R;;;espan.a004r
espn;A-14-R2;;;espct.a014r2
espn;A-22-R1;;;espct.a022r1
espn;A-22-R2;;;espct.a022r2
espn;A-79;;;espvc.a079
espn;AC-10;;;espga.ac010
espn;AC-11;;La Coruna;espga.ac011lac
espn;AC-12;;Perillo;espga.ac012per
espn;AC-14AL;;;espga.ac014al
espn;AC-14T;;;espga.ac014t
espn;AL-14;;;espan.al014
espn;BA-20;;;espex.ba020
espn;BU-12;;;espcl.bu012
espn;CC-11;;;espex.cc011
espn;E-22;;;espct.e022
espn;E-23;;;espct.e023
espn;EL-20;;Elx;espvc.el020elx
espn;FE-15;;;espga.fe015
espn;GJ-10;;;espas.gj010
espn;GR-16;;El Varadero;espan.gr016var
espn;LU-11;;;espga.lu011
espn;ML-101;;;espml.ml101
espn;ML-204;;;espml.ml204
espn;ML-300;;;espml.ml300
espn;NA-30;;;espnc.na030
espn;OU-11;;;espga.ou011
espn;P-12;;;espcl.p012
espn;PO-11;;Marin;espga.po011mar
espn;PO-12;;;espga.po012
espn;SA-11;;;espcl.sa011
espn;SA-20;;;espcl.sa020
espn;SC-11;;Santiago de Compostela;espga.sc011san
espn;SC-30;;;espga.sc030
espn;SE-20;;;espan.se020
espn;SE-31;;;espan.se031
espn;SO-20;;Soria;espcl.so020sor
espn;V-31R;;;espvc.v031r
espn;VA-20;;;espcl.va020
espn;ZA-11;;;espcl.za011
espn;ZA-12;;Zamora;espcl.za012zam
espn;ZA-13;;;espcl.za013
espn;ZA-20;;;espcl.za020
