#systemName;region;route;banner;abbrev;city;root
indnh;IND-WB;NH10;;;;indwb.nh010;
indnh;IND-WB;NH12;;;Sundarbans-Kolkata-Malda;indwb.nh012;
indnh;IND-BR;NH12;;;Birnagar;indbr.nh012;
indnh;IND-WB;NH12;;dal;Dalkhola;indwb.nh012dal;fs
indnh;IND-WB;NH14;;;;indwb.nh014;
indnh;IND-WB;NH16;;;;indwb.nh016;
indnh;IND-WB;NH17;;;;indwb.nh017;
indnh;IND-WB;NH18;;;;indwb.nh018;
indnh;IND-WB;NH19;;;;indwb.nh019;
indnh;IND-WB;NH27;;Dal;Dalkola;indwb.nh027dal;
indnh;IND-BR;NH27;;Dal;Dalkola, West Bengal;indbr.nh027dal;
indnh;IND-WB;NH27;;Nay;Nayanagar;indwb.nh027nay;
indnh;IND-BR;NH27;;Kis;Kishanganj;indbr.nh027kis;
indnh;IND-WB;NH27;;;Islampur-Alipurduar;indwb.nh027;
indnh;IND-WB;NH31;;sar;Saraha Bahara;indwb.nh031sar;
indnh;IND-BR;NH31;;dil;Dilli Diwanganj;indbr.nh031dil;
indnh;IND-WB;NH31;;naw;Nawapara;indwb.nh031naw;
indnh;IND-BR;NH31;;dig;Digri Inlis, West Bengal;indbr.nh031dig;
indnh;IND-WB;NH31;;;Digri Inlis-Sahapur;indwb.nh031;
indnh;IND-WB;NH33;;;;indwb.nh033;
indnh;IND-WB;NH110;;;;indwb.nh110;
indnh;IND-WB;NH112;;;;indwb.nh112;
indnh;IND-WB;NH114;;;;indwb.nh114;
indnh;IND-WB;NH114A;;;;indwb.nh114a;
indnh;IND-WB;NH116;;;;indwb.nh116;
indnh;IND-WB;NH116A;;;;indwb.nh116a;
indnh;IND-WB;NH116B;;;;indwb.nh116b;
indnh;IND-WB;NH131A;;sar;Saraha Bahara;indwb.nh131asar;
indnh;IND-BR;NH131A;;dil;Dilli Diwanganj;indbr.nh131adil;
indnh;IND-WB;NH131A;;naw;Nawapara;indwb.nh131anaw;
indnh;IND-BR;NH131A;;dig;Digri Inlis, West Bengal;indbr.nh131adig;
indnh;IND-WB;NH131A;;;Digri Inlis-Sahapur;indwb.nh131a;
indnh;IND-WB;NH133A;;;;indwb.nh133a;
indnh;IND-WB;NH218;;;Puruliya;indwb.nh218;
indnh;IND-WB;NH218;;Pur;Puruliya (district);indwb.nh218pur;
indnh;IND-WB;NH312;;;;indwb.nh312;
indnh;IND-WB;NH314;;;;indwb.nh314;
indnh;IND-WB;NH317;;;;indwb.nh317;
indnh;IND-WB;NH317A;;;;indwb.nh317a;
indnh;IND-WB;NH327;;;;indwb.nh327;
indnh;IND-WB;NH327B;;;;indwb.nh327b;
indnh;IND-WB;NH327C;;;;indwb.nh327C;
indnh;IND-WB;NH419;;pit;Pithakiari;indwb.nh419pit;
indnh;IND-JH;NH419;;rup;Rupnarayanpur, West Bengal;indjh.nh419rup;
indnh;IND-WB;NH419;;;Rupnarayanpur;indwb.nh419;
indnh;IND-WB;NH512;;;;indwb.nh512;
indnh;IND-WB;NH517;;;;indwb.nh517;
indnh;IND-WB;NH710;;;Melli Bazar (Sikkim);indwb.nh710;
indnh;IND-WB;NH717;;;;indwb.nh717;
indnh;IND-WB;NH717A;;;;indwb.nh717a;