#systemName;region;route;banner;abbrev;city;root
indnhd;IND-TG;NAM;;;Narketpally-Addanki-Medarmetla Road;indtg.nam;
indnhd;IND-AP;NAM;;;Narketpally-Addanki-Medarmetia Road;indap.nam;
indnhd;IND-PB;NH9;;;;indpb.nh009;
indnhd;IND-HR;NH9;;;Sirsa-Rohtak;indhr.nh009;
indnhd;IND-DL;NH9;;jha;Jharoda Kalan New Delhi;inddl.nh009jha;
indnhd;IND-HR;NH9;;bah;Bahadurgarh;indhr.nh009bah;
indnhd;IND-DL;NH9;;;;inddl.nh009;
indnhd;IND-UP;NH9;;;Ghaziabad-Moradabad;indup.nh009;
indnhd;IND-UT;NH9;;rud;Rudrapur;indut.nh009rud;
indnhd;IND-UP;NH9;;bah;Baheri;indup.nh009bah;
indnhd;IND-UT;NH9;;bar;Bara;indut.nh009bar;
indnhd;IND-UP;NH9;;bar;Bareilly District;indup.nh009bar;
indnhd;IND-UT;NH9;;;Sitarganj-Dharchula;indut.nh009;
indnhd;IND-SK;NH10;;;;indsk.nh010;
indnhd;IND-OR;NH16;;;Cuttack;indor.nh016;
indnhd;IND-AP;NH16;;Pur;Purushottampuram;indap.nh016pur;
indnhd;IND-OR;NH16;;Rer;Rerhisumandl;indor.nh016rer;
indnhd;IND-AP;NH16;;Ich;Ichchapuram;indap.nh016ich;
indnhd;IND-OR;NH16;;Chi;Chikiti Balarampentha;indor.nh016chi;
indnhd;IND-AP;NH16;;;Visakhapatnam;indap.nh016;
indnhd;IND-TN;NH16;;Ara;Arambakkam;indtn.nh016ara;
indnhd;IND-AP;NH16;;Ram;Ramapuramkuppam;indap.nh016ram;
indnhd;IND-TN;NH16;;;Chennai;indtn.nh016;
indnhd;IND-AS;NH17;;;;indas.nh017;
indnhd;IND-OR;NH18;;;;indor.nh018;
indnhd;IND-JH;NH18;;;Jamshedpur;indjh.nh018;
indnhd;IND-JH;NH18;;Dha;Dhanbad;indjh.nh018dha;
indnhd;IND-DL;NH19;;;;inddl.nh019;
indnhd;IND-HR;NH19;;;;indhr.nh019;
indnhd;IND-UP;NH19;;;Agra-Kanpur;indup.nh019;
indnhd;IND-UP;NH19N;;pha;Phaphamau;indup.nh019npha;
indnhd;IND-UP;NH19S;;pra;Prayagraj;indup.nh019spra;
indnhd;IND-UP;NH19;;var;Varanasi;indup.nh019var;
indnhd;IND-BR;NH19;;;;indbr.nh019;
indnhd;IND-JH;NH19;;;;indjh.nh019;
indnhd;IND-RJ;NH21;;;;indrj.nh021;
indnhd;IND-UP;NH21;;;;indup.nh021;
indnhd;IND-UP;NH24;;;;indup.nh024;
indnhd;IND-GJ;NH27;;;;indgj.nh027;
indnhd;IND-RJ;NH27;;;;indrj.nh027;
indnhd;IND-MP;NH27;;;;indmp.nh027;
indnhd;IND-UP;NH27;;;;indup.nh027;
indnhd;IND-BR;NH27;;;Golpalgamj-Purnia;indbr.nh027;
indnhd;IND-AS;NH27;;Guw;Guwahati;indas.nh027guw;
indnhd;IND-MG;NH27;;ooa;Meghalaya Border Jump A;indmg.nh027ooa;
indnhd;IND-AS;NH27;;ooa;Assam Border Jump A;indas.nh027ooa;
indnhd;IND-MG;NH27;;oob;Meghalaya Border Jump B;indmg.nh027oob;
indnhd;IND-AS;NH27;;oob;Assam Border Jump B;indas.nh027oob;
indnhd;IND-MG;NH27;;ooc;Meghalaya Border Jump C;indmg.nh027ooc;
indnhd;IND-AS;NH27;;;Silchar;indas.nh027;
indnhd;IND-UP;NH28;;;;indup.nh028;
indnhd;IND-AP;NH30;;;;indap.nh030;
indnhd;IND-TG;NH30;;;;indtg.nh030;
indnhd;IND-AP;NH30;;nel;Nellipaka;indap.nh030nel;
indnhd;IND-TG;NH30;;lax;Laxmipuram;indtg.nh030lax;
indnhd;IND-AP;NH30;;eta;Etapaka;indap.nh030eta;
indnhd;IND-TG;NH30;;bha;Bhadradri Korthagudem District;indtg.nh030bha;
indnhd;IND-AP;NH30;;chi;Chinturu;indap.nh030chi;
indnhd;IND-CG;NH30;;;;indcg.nh030;
indnhd;IND-CG;NH30W;;rai;Raipur;indcg.nh030wrai;
indnhd;IND-CG;NH30;;rai;Raipur;indcg.nh030rai;
indnhd;IND-CG;NH30E;;rai;Raipur;indcg.nh030erai;
indnhd;IND-MP;NH30;;;;indmp.nh030;
indnhd;IND-UP;NH30;;;;indup.nh030;
indnhd;IND-UP;NH31;;;;indup.nh031;
indnhd;IND-BR;NH31;;;;indbr.nh031;
indnhd;IND-BR;NH33;;;;indbr.nh033;
indnhd;IND-JH;NH33;;;;indjh.nh033;
indnhd;IND-MP;NH34;;;;indmp.nh034;
indnhd;IND-UP;NH34;;;;indup.nh034;
indnhd;IND-UT;NH34;;;;indut.nh034;
indnhd;IND-UP;NH35;;;;indup.nh035;
indnhd;IND-UP;NH39;;jha;Jhansi;indup.nh039jha;
indnhd;IND-MP;NH39;;orc;Orchha;indmp.nh039orc;
indnhd;IND-UP;NH39;;jhd;Jhansi (District);indup.nh039jhd;
indnhd;IND-MP;NH39;;nid;Niwari (District);indmp.nh039nid;
indnhd;IND-UP;NH39;;bar;Barua Sagar;indup.nh039bar;
indnhd;IND-MP;NH39;;niw;Niwari;indmp.nh039niw;
indnhd;IND-UP;NH39;;sak;Sakrar;indup.nh039sak;
indnhd;IND-MP;NH39;;kal;(Kalothra);indmp.nh039kal;
indnhd;IND-UP;NH39;;bhi;Bhitora;indup.nh039bhi;
indnhd;IND-MP;NH39;;ghu;Ghughsi Khas;indmp.nh039ghu;
indnhd;IND-UP;NH39;;mau;Mauranipur;indup.nh039mau;
indnhd;IND-MP;NH39;;chh;Chhatipahadi;indmp.nh039chh;
indnhd;IND-UP;NH39;;mah;Mahoba District;indup.nh039mah;
indnhd;IND-MP;NH39;;;;indmp.nh039;
indnhd;IND-UP;NH39;;;;indup.nh039;
indnhd;IND-JH;NH39;;;;indjh.nh039;
indnhd;IND-TN;NH42;;;;indtn.nh042;
indnhd;IND-AP;NH42;;kup;Kuppam;indap.nh042kup;
indnhd;IND-KA;NH42;;kol;Kolar District;indka.nh042kol;
indnhd;IND-AP;NH42;;nay;Nayanipalli;indap.nh042nay;
indnhd;IND-KA;NH42;;son;Sonepalli;indka.nh042son;
indnhd;IND-AP;NH42;;gan;Gandharamakulapalli;indap.nh042gan;
indnhd;IND-KA;NH42;;pan;Pantanahalli;indka.nh042pan;
indnhd;IND-AP;NH42;;;;indap.nh042;
indnhd;IND-KA;NH42;;che;Chellagurki;indka.nh042che;
indnhd;IND-TN;NH44;;;;indtn.nh044;
indnhd;IND-KA;NH44;;;;indka.nh044;
indnhd;IND-AP;NH44;;;;indap.nh044;
indnhd;IND-TG;NH44;;;;indtg.nh044;
indnhd;IND-MH;NH44;;;Pandharkawada;indmh.nh044;
indnhd;IND-MH;NH44W;;nag;Nagpur;indmh.nh044wnag;
indnhd;IND-MH;NH44E;;nag;Mumbai-Kolkata Highway;indmh.nh044enag;
indnhd;IND-MH;NH44;;ama;Amadi;indmh.nh044ama;
indnhd;IND-MP;NH44;;seo;Seoni;indmp.nh044seo;
indnhd;IND-MP;NH44W;;seo;Seoni;indmp.nh044wseo;
indnhd;IND-MP;NH44E;;seo;Seoni;indmp.nh044eseo;
indnhd;IND-MP;NH44;;;Sagar;indmp.nh044;
indnhd;IND-UP;NH44;;;Lalitpur;indup.nh044;
indnhd;IND-MP;NH44;;cha;Chakarpur;indmp.nh044cha;
indnhd;IND-UP;NH44;;til;Tilak Nagar;indup.nh044til;
indnhd;IND-MP;NH44;;ban;Bangay har;indmp.nh044ban;
indnhd;IND-UP;NH44;;jha;Jhansi;indup.nh044jha;
indnhd;IND-MP;NH44;;dat;Datia;indmp.nh044dat;
indnhd;IND-MP;NH44W;;dab;Dabra;indmp.nh044wdab;
indnhd;IND-MP;NH44E;;dab;Dabra Bypass Rd;indmp.nh044edab;
indnhd;IND-MP;NH44;;Gwa;Gwalior;indmp.nh044gwa;
indnhd;IND-RJ;NH44;;;;indrj.nh044;
indnhd;IND-UP;NH44;;jaj;Jajau;indup.nh044jaj;
indnhd;IND-UP;NH44E;;agr;Agra;indup.nh044eagr;
indnhd;IND-UP;NH44W;;agr;Agra Ring Road;indup.nh044wagr;
indnhd;IND-UP;NH44;;mat;Mathura;indup.nh044mat;
indnhd;IND-HR;NH44;;Far;Faradibad;indhr.nh044far;
indnhd;IND-DL;NH44;;;;inddl.nh044;
indnhd;IND-HR;NH44;;;Karnal;indhr.nh044;
indnhd;IND-PB;NH44;;;Ludhiana;indpb.nh044;
indnhd;IND-HP;NH44;;cha;Chak Kalan;indhp.nh044cha;
indnhd;IND-PB;NH44;;kau;Kaunterpur;indpb.nh044kau;
indnhd;IND-HP;NH44;;moh;Mohtali;indhp.nh044moh;
indnhd;IND-PB;NH44;;pat;Pathankot;indpb.nh044pat;
indnhd;IND-JK;NH44;;;;indjk.nh044;
indnhd;IND-TN;NH48;;;;indtn.nh048;
indnhd;IND-KA;NH48;;bom;Bommasandra;indka.nh048bom;
indnhd;IND-KA;NH48W;;ben;Bengaluru NICE Peripheral Road;indka.nh048wben;
indnhd;IND-KA;NH48E;;ben;Bengaluru;indka.nh048eben;
indnhd;IND-KA;NH48;;;;indka.nh048;
indnhd;IND-MH;NH48;;;;indmh.nh048;
indnhd;IND-GJ;NH48;;vad;Vadodara;indgj.nh048vad;
indnhd;IND-GJ;NH48W;;nad;Nadiad;indgj.nh048wnad;
indnhd;IND-GJ;NH48E;;nad;[Nadiad] Ahmedabad-Vadodara Expressway;indgj.nh048enad;
indnhd;IND-GJ;NH48;;;Ahmedabad;indgj.nh048;
indnhd;IND-RJ;NH48;;;;indrj.nh048;
indnhd;IND-HR;NH48;;;;indhr.nh048;
indnhd;IND-DL;NH48;;;;inddl.nh048;
indnhd;IND-CG;NH49;;;;indcg.nh049;
indnhd;IND-OR;NH49;;;;indor.nh049;
indnhd;IND-JH;NH49;;;;indjh.nh049;
indnhd;IND-WB;NH49;;;;indwb.nh049;
indnhd;IND-KA;NH50;;;;indka.nh050;
indnhd;IND-KA;NH50W;;kal;Kalaburagi;indka.nh050wkal;
indnhd;IND-KA;NH50E;;kal;Kalaburagi;indka.nh050ekal;
indnhd;IND-KA;NH50;;bid;Bidar;indka.nh050bid;
indnhd;IND-MH;NH50;;;;indmh.nh050;
indnhd;IND-KA;NH52;;;;indka.nh052;
indnhd;IND-MH;NH52;;;;indmh.nh052;
indnhd;IND-MP;NH52;;;;indmp.nh052;
indnhd;IND-RJ;NH52;;;;indrj.nh052;
indnhd;IND-HR;NH52;;;;indhr.nh052;
indnhd;IND-MH;NH61;;;;indmh.nh061;
indnhd;IND-TG;NH61;;;;indtg.nh061;
indnhd;IND-MH;NH63;;;;indmh.nh063;
indnhd;IND-KA;NH63;;;;indka.nh063;
indnhd;IND-MH;NH63;;deg;Degloor;indmh.nh063deg;
indnhd;IND-TG;NH63;;;;indtg.nh063;
indnhd;IND-MH;NH63;;sir;Sironcha;indmh.nh063sir;
indnhd;IND-CG;NH63;;;;indcg.nh063;
indnhd;IND-OR;NH63;;;;indor.nh063;
indnhd;IND-MH;NH65;;;;indmh.nh065;
indnhd;IND-KA;NH65;;;;indka.nh065;
indnhd;IND-TG;NH65;;;;indtg.nh065;
indnhd;IND-AP;NH65;;;;indap.nh065;
indnhd;IND-TN;NH66;;;;indtn.nh066;
indnhd;IND-KL;NH66;;;Kochi;indkl.nh066;
indnhd;IND-PY;NH66;;;;indpy.nh066;
indnhd;IND-KL;NH66;;kan;Kannur;indkl.nh066kan;
indnhd;IND-KA;NH66;;;;indka.nh066;
indnhd;IND-GA;NH66;;;;indga.nh066;fs
indnhd;IND-MH;NH66;;;;indmh.nh066;
indnhd;IND-KA;NH67;;;;indka.nh067;
indnhd;IND-AP;NH67;;;;indap.nh067;
indnhd;IND-KA;NH69;;;;indka.nh069;
indnhd;IND-AP;NH69;;;;indap.nh069;
indnhd;IND-KA;NH73;;;;indka.nh073;
indnhd;IND-KA;NH75;;;;indka.nh075;
indnhd;IND-AP;NH75;;;;indap.nh075;
indnhd;IND-TN;NH75;;;;indtn.nh075;
indnhd;IND-JH;NH114A;;;;indjh.nh114a;
indnhd;IND-OR;NH116B;;;;indor.nh116b;
indnhd;IND-RJ;NH123;;dha;Dhaulpur;indrj.nh123dha;
indnhd;IND-UP;NH123;;;;indup.nh123;
indnhd;IND-RJ;NH123;;rup;Rupbas;indrj.nh123rup;
indnhd;IND-UP;NH123;;agr;Agra District;indup.nh123agr;
indnhd;IND-RJ;NH123;;bha;Bharatpur;indrj.nh123bha;
indnhd;IND-UP;NH124C;;;;indup.nh124c;
indnhd;IND-BR;NH124C;;;;indbr.nh124c;
indnhd;IND-UP;NH124D;;;;indup.nh124d;
indnhd;IND-UP;NH128;;;;indup.nh128;
indnhd;IND-UP;NH128A;;;;indup.nh128a;
indnhd;IND-UP;NH128B;;;;indup.nh128b;
indnhd;IND-UP;NH128C;;;;indup.nh128c;
indnhd;IND-BR;NH131A;;;;indbr.nh131a;
indnhd;IND-JH;NH133A;;;;indjh.nh133a;
indnhd;IND-UP;NH135;;;;indup.nh135;
indnhd;IND-MP;MH135;;;;indmp.nh135;
indnhd;IND-UP;NH135A;;;;indup.nh135a;
indnhd;IND-UP;NH135BB;;bar;Bargarh;indup.nh135bbbar;
indnhd;IND-MP;NH135BB;;mag;Magdaur;indmp.nh135bbmag;
indnhd;IND-UP;NH135BB;;chi;Chitrakoot District;indup.nh135bbchi;
indnhd;IND-MP;NH135BB;;dab;Dabhaur;indmp.nh135bbdab;
indnhd;IND-UP;NH135BG;;;Chitrakoot Dham;indup.nh135bg;
indnhd;IND-MP;NH135BG;;chi;Chitrakoot;indmp.nh135bgchi;
indnhd;IND-UP;NH135BG;;cha;Chak Mogari;indup.nh135bgcha;
indnhd;IND-MP;NH135BG;;pad;Padwaniya Kothar;indmp.nh135bgpad;
indnhd;IND-UP;NH135BG;;pin;Pindra (Madhra Pradesh);indup.nh135bgpin;
indnhd;IND-MP;NH135BG;;;Satna;indmp.nh135bg;
indnhd;IND-UP;NH135C;;;;indup.nh135c;
indnhd;IND-MP;NH135C;;;;indmp.nh135c;
indnhd;IND-MH;NH150;;;;indmh.nh150;
indnhd;IND-KA;NH150;;;;indka.nh150;
indnhd;IND-TG;NH150;;;;indtg.nh150;
indnhd;IND-KA;NH150A;;;Ballari;indka.nh150a;
indnhd;IND-AP;NH150A;;;;indap.nh150a;
indnhd;IND-KA;NH150A;;mys;Mysuru;indka.nh150amys;
indnhd;IND-MH;NH160;;;;indmh.nh160;
indnhd;IND-KA;NH160;;;;indka.nh160;
indnhd;IND-TG;NH161;;;Sangareddy;indtg.nh161;
indnhd;IND-MH;NH161;;sal;Salabathpur (Telangana);indmh.nh161sal;
indnhd;IND-TG;NH161;;chi;Chinna Shakkerga;indtg.nh161chi;
indnhd;IND-MH;NH161;;;Akola;indmh.nh161;
indnhd;IND-MH;NH161A;;;;indmh.nh161a;
indnhd;IND-KA;NH161A;;han;Hangaraga;indka.nh161ahan;
indnhd;IND-MH;NH161A;;vaj;Vajhar;indmh.nh161avaj;
indnhd;IND-KA;NH161A;;;;indka.nh161a;
indnhd;IND-TG;NH161AA;;;;indtg.nh161aa;
indnhd;IND-TG;NH161B;;;;indtg.nh161b;
indnhd;IND-TG;NH161BB;;mad;Madnur;indtg.nh161bbmad;
indnhd;IND-MH;NH161BB;;sir;Sirpur (Telangana);indmh.nh161bbsir;
indnhd;IND-TG;NH161BB;;sir;Sirpur;indtg.nh161bbsir;
indnhd;IND-MH;NH161BB;;san;Sangvi Umar;indmh.nh161bbsan;
indnhd;IND-TG;NH161BB;;san;Sangvi Umar (Maharashtra);indtg.nh161bbsan;
indnhd;IND-MH;NH161BB;;pot;Pothangal (Telangana);indmh.nh161bbpot;
indnhd;IND-TG;NH161BB;;;Bodhan;indtg.nh161bb;
indnhd;IND-TG;NH163;;;;indtg.nh163;
indnhd;IND-CG;NH163;;;;indcg.nh163;
indnhd;IND-MH;NH166E;;;;indmh.nh166e;
indnhd;IND-KA;NH166E;;;;indka.nh166e;
indnhd;IND-KA;NH167;;bal;Ballari;indka.nh167bal;
indnhd;IND-AP;NH167;;chi;Chintakunta;indap.nh167chi;
indnhd;IND-KA;NH167;;bom;Bommanahalu;indka.nh167bom;
indnhd;IND-AP;NH167;;;;indap.nh167;
indnhd;IND-KA;NH167;;;Raichur;indka.nh167;
indnhd;IND-TG;NH167;;;;indtg.nh167;
indnhd;IND-TG;NH167K;;;;indtg.nh167k;
indnhd;IND-TG;NH167N;;;;indtg.nh167n;
indnhd;IND-KA;NH167N;;;;indka.nh167n;
indnhd;IND-KA;NH169;;;;indka.nh169;
indnhd;IND-KA;NH169A;;;;indka.nh169a;
indnhd;IND-KA;NH173;;;;indka.nh173;
indnhd;IND-TN;NH181;;;;indtn.nh181;
indnhd;IND-KA;NH181;;;;indka.nh181;
indnhd;IND-JH;NH218;;Cha;Chandakiyari (district);indjh.nh218cha;
indnhd;IND-JH;NH218;;;Dhanbad;indjh.nh218;
indnhd;IND-BR;NH219;;;;indbr.nh219;
indnhd;IND-UP;NH219;;;;indup.nh219;
indnhd;IND-UP;NH227A;;;;indup.nh227a;
indnhd;IND-BR;NH227A;;;;indbr.nh227a;
indnhd;IND-UP;NH230;;;;indup.nh230;
indnhd;IND-UP;NH234;;;;indup.nh234;
indnhd;IND-KA;NH275;;;;indka.nh275;
indnhd;IND-KA;NH275k;;;;indka.nh275k;
indnhd;IND-UT;NH307;;;;indut.nh307;
indnhd;IND-UP;NH307;;;;indup.nh307;
indnhd;IND-UT;NH307;;has;Hasnawala;indut.nh307has;
indnhd;IND-UP;NH307;;ras;Rasulpar Kalan;indup.nh307ras;
indnhd;IND-UT;NH307;;ala;Alawalpur;indut.nh307ala;
indnhd;IND-UP;NH307;;chu;Chutmalpur;indup.nh307chu;
indnhd;IND-SK;NH310;;;;indsk.nh310;
indnhd;IND-SK;NH310A;;;;indsk.nh310a;
indnhd;IND-SK;NH310AG;;;;indsk.nh310ag;
indnhd;IND-UP;NH319D;;;;indup.nh319d;
indnhd;IND-UP;NH321;;;;indup.nh321;
indnhd;IND-UP;NH321G;;;;indup.nh321g;
indnhd;IND-BR;NH327;;;;indbr.nh327;
indnhd;IND-UP;NH328;;;;indup.nh328;
indnhd;IND-UP;NH328A;;;;indup.nh328a;
indnhd;IND-UP;NH330;;;;indup.nh330;
indnhd;IND-UP;NH330A;;;;indup.nh330a;
indnhd;IND-UP;NH330B;;;;indup.nh330b;
indnhd;IND-UP;NH330D;;;;indup.nh330d;
indnhd;IND-UP;NH334;;;;indup.nh334;
indnhd;IND-UT;NH334;;;;indut.nh334;
indnhd;IND-UP;NH334A;;;;indup.nh334a;
indnhd;IND-UT;NH334A;;;;indut.nh334a;
indnhd;IND-UP;NH334B;;;;indup.nh334b;
indnhd;IND-HR;NH334B;;;;indhr.nh334b;
indnhd;IND-UP;NH334C;;;;indup.nh334c;
indnhd;IND-UP;NH334D;;;;indup.nh334d;
indnhd;IND-HR;NH334D;;;;indhr.nh334d;
indnhd;IND-UP;NH334DD;;;;indup.nh334dd;
indnhd;IND-UP;NH335;;;;indup.nh335;
indnhd;IND-HR;NH344;;amb;Ambala;indhr.nh344amb;
indnhd;IND-PB;NH344;;han;Handesra;indpb.nh344han;
indnhd;IND-HR;NH344;;khe;Khera;indhr.nh344khe;
indnhd;IND-PB;NH344;;sar;Saranpur;indpb.nh344sar;
indnhd;IND-HR;NH344;;;;indhr.nh344;
indnhd;IND-UP;NH344;;;;indup.nh344;
indnhd;IND-UT;NH344;;;;indut.nh344;
indnhd;IND-MH;NH353B;;;;indmh.nh353b;
indnhd;IND-TG;NH353B;;;;indtg.nh353b;
indnhd;IND-MH;NH353C;;;;indmh.nh353c;
indnhd;IND-TG;NH353C;;;;indtg.nh353c;
indnhd;IND-TG;NH363;;;;indtg.nh363;
indnhd;IND-TG;NH365;;;;indtg.nh365;
indnhd;IND-TG;NH365A;;;;indtg.nh365a;
indnhd;IND-TG;NH365B;;;;indtg.nh365b;
indnhd;IND-TG;NH365BB;;;;indtg.nh365bb;
indnhd;IND-AP;NH365BB;;;;indap.nh365bb;
indnhd;IND-KA;NH367;;;;indka.nh367;
indnhd;IND-KA;NH367A;;;;indka.nh367a;
indnhd;IND-KA;NH369;;;;indka.nh369;
indnhd;IND-KA;NH369E;;;Sagara;indka.nh369e;
indnhd;IND-KA;NH369E;;lin;Linganamakki Resevoir;indka.nh369elin;
indnhd;IND-KA;NH373;;;;indka.nh373;
indnhd;IND-JH;NH419;;;Tilabani-Jamtara-Mihijam;indjh.nh419;
indnhd;IND-UP;NH509;;;;indup.nh509;
indnhd;IND-SK;NH510;;;;indsk.nh510;
indnhd;IND-WB;NH512;;;;indwb.nh512;
indnhd;IND-WB;NH517;;;;indwb.nh517;
indnhd;IND-UP;NH519;;;;indup.nh519;
indnhd;IND-UP;NH530;;;;indup.nh530;
indnhd;IND-UP;NH530B;;;;indup.nh530b;
indnhd;IND-UP;NH534;;;;indup.nh534;
indnhd;IND-UT;NH534;;;;indut.nh534;
indnhd;IND-AP;NH544DD;;;;indap.nh544dd;
indnhd;IND-KA;NH544DD;;;;indka.nh544dd;
indnhd;IND-AP;NH544E;;;;indap.nh544e;
indnhd;IND-KA;NH544E;;tum;Tumakuru District;indka.nh544etum;
indnhd;IND-AP;NH544E;;rol;Rolla;indap.nh544erol;
indnhd;IND-KA;NH544E;;;;indka.nh544e;
indnhd;IND-KA;NH548B;;;;indka.nh548b;
indnhd;IND-MH;NH548B;;;;indmh.nh548b;
indnhd;IND-KA;NH548H;;;;indka.nh548h;
indnhd;IND-MH;NH548H;;;;indmh.nh548h;
indnhd;IND-RJ;NH552;;;;indrj.nh552;
indnhd;IND-MP;NH552;;;;indmp.nh552;
indnhd;IND-MH;MH561A;;;;indmh.nh561a;
indnhd;IND-KA;MH561A;;mad;Madasanala;indka.nh561amad;
indnhd;IND-MH;MH561A;;tik;Tikondi;indmh.nh561atik;
indnhd;IND-KA;MH561A;;;;indka.nh561a;
indnhd;IND-TG;NH565;;;;indtg.nh565;
indnhd;IND-AP;NH565;;;;indap.nh565;
indnhd;IND-KA;NH648;;;;indka.nh648;
indnhd;IND-TN;NH648;;;;indtn.nh648;
indnhd;IND-UP;NH709A;;;;indup.nh709a;
indnhd;IND-HR;NH709A;;;;indhr.nh709a;
indnhd;IND-HR;NH709AD;;;;indhr.nh709ad;
indnhd;IND-UP;NH709AD;;yam;Yamuna River;indup.nh709adyam;
indnhd;IND-HR;NH709AD;;yam;Yamuna River;indhr.nh709adyam;
indnhd;IND-UP;NH709AD;;;;indup.nh709ad;
indnhd;IND-UP;NH709AD;;nag;Nagina;indup.nh709adnag;
indnhd;IND-DL;NH709B;;;;inddl.nh709b;
indnhd;IND-UP;NH709B;;joh;Johri Enclave;indup.nh709bjoh;
indnhd;IND-DL;NH709B;;shi;Shiv Vihar;inddl.nh709bshi;
indnhd;IND-UP;NH709B;;;;indup.nh709b;
indnhd;IND-SK;NH710;;mel;Melli Bazar;indsk.nh710mel;
indnhd;IND-WB;NH710;;man;Manpur (Sikkim);indwb.nh710man;
indnhd;IND-SK;NH710;;;Namchi;indsk.nh710;
indnhd;IND-SK;NH717A;;;;indsk.nh717a;
indnhd;IND-SK;NH717B;;;;indsk.nh717b;
indnhd;IND-UP;NH719;;;;indup.nh719;
indnhd;IND-MP;NH719;;;;indmp.nh719;
indnhd;IND-UP;NH727;;;;indup.nh727;
indnhd;IND-BR;NH727;;;;indbr.nh727;
indnhd;IND-UP;NH727A;;;;indup.nh727a;
indnhd;IND-BR;NH727A;;;;indbr.nh727a;
indnhd;IND-UP;NH727B;;tam;Tamkaji Raj;indup.nh727btam;
indnhd;IND-BR;NH727B;;;;indbr.nh727b;
indnhd;IND-UP;NH727B;;;;indup.nh727b;
indnhd;IND-UP;NH727BB;;;;indup.nh727bb;
indnhd;IND-UP;NH727G;;;;indup.nh727g;
indnhd;IND-UP;NH727H;;;;indup.nh727h;
indnhd;IND-UP;NH730;;;;indup.nh730;
indnhd;IND-UP;NH730A;;;;indup.nh730a;
indnhd;IND-UP;NH730B;;;;indup.nh730b;
indnhd;IND-UP;NH730C;;Bis;Bisalpur;indup.nh730cbis;
indnhd;IND-UP;NH730C;;;;indup.nh730c;
indnhd;IND-UP;NH730H;;;;indup.nh730h;
indnhd;IND-UP;NH730S;;;;indup.nh730s;
indnhd;IND-UP;NH731;;;;indup.nh731;
indnhd;IND-UP;NH731A;;pra;Pratapgarh;indup.nh731apra;
indnhd;IND-UP;NH731A;;;;indup.nh731a;
indnhd;IND-UP;NH731AG;;;;indup.nh731ag;
indnhd;IND-UP;NH731K;;;;indup.nh731k;
indnhd;IND-UT;NH731K;;udh;Udham Sign Nagar District;indut.nh731kudh;
indnhd;IND-UP;NH731K;;maj;Majhola;indup.nh731kmaj;
indnhd;IND-UT;NH731K;;;;indut.nh731k;
indnhd;IND-UP;NH734;;naj;Najibabad;indup.nh734naj;
indnhd;IND-UT;NH734;;;;indut.nh734;
indnhd;IND-UP;NH734;;;Moradabad;indup.nh734;
indnhd;IND-KA;NH748;;;;indka.nh748;
indnhd;IND-GA;NH748;;;;indga.nh748;
indnhd;IND-KA;NH748AA;;;;indka.nh748aa;
indnhd;IND-GA;NH748AA;;sur;Surla River;indga.nh748aasur;
indnhd;IND-KA;NH748AA;;cho;Chorla;indka.nh748aacho;
indnhd;IND-GA;NH748AA;;mws;Mhadei Wildlife Sanctuary;indga.nh748aamws;
indnhd;IND-KA;NH748AA;;val;Valvanti River;indka.nh748aaval;
indnhd;IND-GA;NH748AA;;ngd;North Goa District;indga.nh748aangd;
indnhd;IND-MH;NH748AA;;mws;Mhadei Wildlife Sanctuary;indmh.nh748aamws;
indnhd;IND-GA;NH748AA;;sat;Satari;indga.nh748aasat;
indnhd;IND-MH;NH748AA;;val;Valvanti River;indmh.nh748aaval;
indnhd;IND-GA;NH748AA;;;;indga.nh748aa;
indnhd;IND-MH;NH752k;;;;indmh.nh752k;
indnhd;IND-KA;NH752k;;;;indka.nh752k;
indnhd;IND-TG;NH765;;;;indtg.nh765;
indnhd;IND-AP;NH765;;;;indap.nh765;
indnhd;IND-TG;NH765D;;;;indtg.nh765d;
indnhd;IND-TG;NH765DG;;;;indtg.nh765dg;
indnhd;IND-KL;NH766;;;;indkl.nh766;
indnhd;IND-KA;NH766;;;;indka.nh766;
indnhd;IND-KA;NH766C;;;;indka.nh766c;
indnhd;IND-KA;NH766E;;;;indka.nh766e;
indnhd;IND-KA;NH766EE;;;;indka.nh766ee;
indnhd;IND-UP;NH927;;;;indup.nh927;
indnhd;IND-TG;NH930P;;;;indtg.nh930p;
indnhd;IND-UP;NH931;;;;indup.nh931;
indnhd;IND-UP;NH931A;;;;indup.nh931a;
indnhd;IND-KA;NH948;;;;indka.nh948;
indnhd;IND-TN;NH948;;;;indtn.nh948;
indnhd;IND-KA;NH948A;;;;indka.nh948a;