systemName;region;route;banner;abbrev;city;root
indsk;IND-SK;SK1;;;;indsk.sk001;
indsk;IND-SK;SK2;;;;indsk.sk002;
indsk;IND-SK;SK3;;;;indsk.sk003;
indsk;IND-SK;SK4;;;;indsk.sk004;
indsk;IND-SK;SK5;;;;indsk.sk005;
indsk;IND-SK;SK6;;;;indsk.sk006;
indsk;IND-SK;SK6A;;;;indsk.sk006a;
indsk;IND-SK;SK7;;;;indsk.sk007;
indsk;IND-SK;SK11;;;;indsk.sk011;
indsk;IND-SK;SK12;;;;indsk.sk012;
indsk;IND-SK;SK13;;;;indsk.sk013;
indsk;IND-SK;SK14;;;;indsk.sk014;
indsk;IND-SK;SK15;;;;indsk.sk015;
indsk;IND-SK;SK16;;;;indsk.sk016;
indsk;IND-SK;SK17;;;;indsk.sk017;
indsk;IND-SK;SK18;;;;indsk.sk018;
indsk;IND-SK;SK19;;;;indsk.sk019;
indsk;IND-SK;SK20;;;;indsk.sk020;
indsk;IND-SK;SK21;;;;indsk.sk021;
indsk;IND-SK;SK22;;;;indsk.sk022;
indsk;IND-SK;SK23;;;;indsk.sk023;
indsk;IND-SK;SK24;;;;indsk.sk024;
indsk;IND-SK;SK25;;;;indsk.sk025;
indsk;IND-SK;SK26;;;;indsk.sk026;
indsk;IND-SK;SK27;;;;indsk.sk027;
